<beans xmlns="http://www.springframework.org/schema/beans"
	xmlns:xsi="http://www.w3.org/2001/XMLSchema-instance" xmlns:aop="http://www.springframework.org/schema/aop"
	xmlns:p="http://www.springframework.org/schema/p" xmlns:tx="http://www.springframework.org/schema/tx"
	xmlns:jee="http://www.springframework.org/schema/jee"
	xmlns:context="http://www.springframework.org/schema/context"
	xsi:schemaLocation="http://www.springframework.org/schema/beans
	http://www.springframework.org/schema/beans/spring-beans-3.0.xsd 
	http://www.springframework.org/schema/aop 
	http://www.springframework.org/schema/aop/spring-aop-3.0.xsd 
	http://www.springframework.org/schema/context
	http://www.springframework.org/schema/context/spring-context-3.0.xsd
	 http://www.springframework.org/schema/jee
    http://www.springframework.org/schema/jee/spring-jee-3.0.xsd
	http://www.springframework.org/schema/tx
    http://www.springframework.org/schema/tx/spring-tx-3.0.xsd">
 
  <import resource="sim.xml"/>
  
  <alias name="pcamera" alias="nagendra"/>
   
  <bean id="pcamera"  class="com.sp.core.model.Camera">
    <property name="vendor" value="SONY"/>
    <property name="resolution" value="16MB"/>
     <!-- here we are setting sim1 ,not as a reference but as a String literal value -->
   <!--   <property name="sim" value="sim1"/> -->
      <property name="sim">
          <idref bean="sim1"/>
      </property>
     <property name="ssim" ref="sim1"/>
 </bean> 
 
</beans>