<beans xmlns="http://www.springframework.org/schema/beans"
	xmlns:xsi="http://www.w3.org/2001/XMLSchema-instance" xmlns:aop="http://www.springframework.org/schema/aop"
	xmlns:tx="http://www.springframework.org/schema/tx" xmlns:context="http://www.springframework.org/schema/context"
	xsi:schemaLocation="http://www.springframework.org/schema/beans
	http://www.springframework.org/schema/beans/spring-beans-3.0.xsd 
	http://www.springframework.org/schema/aop 
	http://www.springframework.org/schema/aop/spring-aop-3.0.xsd 
	http://www.springframework.org/schema/context
	http://www.springframework.org/schema/context/spring-context-3.0.xsd
	http://www.springframework.org/schema/tx
    http://www.springframework.org/schema/tx/spring-tx-3.0.xsd">
   <!-- 
   Laptop laptop=new Laptop();
   laptop.setName("Dell");
   laptop.setModel("I3");			
   laptop.setPrice("30303");
   laptop.setColor("pink");
    -->
  
<!--   <bean  class="com.bean.InstantiationTracingBeanPostProcessor"/> -->
 <bean id="laptop"  class="com.sp.core.model.Laptop"  autowire="byName" >
      <property name="name" value="Dell"/>
      <property name="model" value="I3"/>
      <property name="price" value="30303"/>
      <property name="color" value="pink"/>
     <!--  <property name="charger"  ref="pcharger"/> -->
 </bean>
 
 <!-- 
 Charger charger=new Charger();
 Charger www.gmail.com=charger;
 Charger www.chungho.com=charger;
 
 in case of setter injection always default constructor will be used.
  -->
 <bean id="charger" name="www.gmail.com,www.chungho.com"  class="com.sp.core.model.Charger">
      <property name="name" value="Dell-Charger"/>
      <property name="color" value="black"/>
 </bean>
 
  <bean id="pcharger"  class="com.sp.core.model.Charger" >
      <property name="name" value="HP-Charger"/>
      <property name="color" value="white"/>
 </bean>

</beans>