<beans xmlns="http://www.springframework.org/schema/beans"
	xmlns:xsi="http://www.w3.org/2001/XMLSchema-instance" xmlns:aop="http://www.springframework.org/schema/aop"
	xmlns:tx="http://www.springframework.org/schema/tx" xmlns:context="http://www.springframework.org/schema/context"
	xsi:schemaLocation="http://www.springframework.org/schema/beans
	http://www.springframework.org/schema/beans/spring-beans-3.0.xsd 
	http://www.springframework.org/schema/aop 
	http://www.springframework.org/schema/aop/spring-aop-3.0.xsd 
	http://www.springframework.org/schema/context
	http://www.springframework.org/schema/context/spring-context-3.0.xsd
	http://www.springframework.org/schema/tx
    http://www.springframework.org/schema/tx/spring-tx-3.0.xsd">

	<!-- autowire means automatically how -->
	<bean id="laptop" class="com.sp.core.model.Laptop" autowire="no"
		scope="singleton" lazy-init="false" init-method="killLaptop">
		<property name="name" value="Dell" />
		<property name="model" value="I3" />
		<property name="price" value="30303" />
		<property name="color" value="pink" />
		<!-- <property name="charger" ref="charger"/> -->
	</bean>

	<bean id="charger" class="com.sp.core.model.Charger">
		<property name="name" value="Dell-Charger" />
		<property name="color" value="black" />
	</bean>

	<bean id="pcharger" class="com.sp.core.model.Charger">
		<property name="name" value="HP-Charger" />
		<property name="color" value="white" />
	</bean>

</beans>