<beans xmlns="http://www.springframework.org/schema/beans"
	xmlns:xsi="http://www.w3.org/2001/XMLSchema-instance" xmlns:aop="http://www.springframework.org/schema/aop"
	xmlns:p="http://www.springframework.org/schema/p" xmlns:tx="http://www.springframework.org/schema/tx"
	xmlns:jee="http://www.springframework.org/schema/jee"
	xmlns:context="http://www.springframework.org/schema/context"
	xsi:schemaLocation="http://www.springframework.org/schema/beans
	http://www.springframework.org/schema/beans/spring-beans-3.0.xsd 
	http://www.springframework.org/schema/aop 
	http://www.springframework.org/schema/aop/spring-aop-3.0.xsd 
	http://www.springframework.org/schema/context
	http://www.springframework.org/schema/context/spring-context-3.0.xsd
	 http://www.springframework.org/schema/jee
    http://www.springframework.org/schema/jee/spring-jee-3.0.xsd
	http://www.springframework.org/schema/tx
    http://www.springframework.org/schema/tx/spring-tx-3.0.xsd">
    
    <!-- 
    com.model.MMobile mmobile=new com.model.MMobile();
    mmobile.setSim1(psim1);
     -->
    
    <bean id="mmobile" class="com.model.MMobile" autowire="byName">
          <property name="vendorName" value="Samsung"/>
          <property name="color" value="white"/>
          <property name="price" value="10202"/>
    </bean>
    
     <bean id="sim1"  class="com.model.Sim">
          <property name="sid" value="S03847463636"/>
          <property name="vendor" value="Airtel"/>
          <property name="price" value="6.5"/>
     </bean>
     
    <bean id="sim3"  class="com.model.Sim">
          <property name="sid" value="S02399393"/>
          <property name="vendor" value="Vodafone"/>
          <property name="price" value="16.5"/>
     </bean>
     
    </beans>